Workbook

Sheet 입력
A1: 홈 IoT 앱 수익 모델 – 입력값
A2: 파란색 글자 = 직접 수정 가능한 입력값 / 검은색 = 수식(수정 금지)
A3: 항목 | B3: 값 | C3: 단위 | D3: 비고
A4: Pro 가격 (VAT 포함) | B4: 1000 | C4: 원/월 | D4: 스토어 결제가 기준, VAT 포함
A5: Max 가격 (VAT 포함) | B5: 10000 | C5: 원/월 | D5: VAT 포함
A6: Mmax 가격 (VAT 포함) | B6: 20000 | C6: 원/월 | D6: VAT 포함
A7: 부가세율 (VAT) | B7: 0.1 | C7: % | D7: 가격은 VAT 포함 → 공급가액 = 가격 / (1+VAT)
A8: Pro 유료 사용자 수 | B8: 10000 | C8: 명
A9: Max 유료 사용자 수 | B9: 1000 | C9: 명
A10: Mmax 유료 사용자 수 | B10: 0 | C10: 명
A11: 스토어 수수료율 – 기본 | B11: 0.15 | C11: % | D11: Apple Small Business Program / Google Play 한국 15% 가정 (공급가액 기준으로 계산)
A12: 스토어 수수료율 – 시나리오 | B12: 0.3 | C12: % | D12: 일반 수수료율 시나리오
A13: 무료→유료 전환율 | B13: 0.03 | C13: % | D13: 기본 3% (범위 2~5%)
A14: 무료 사용자 수 (역산) | B14: =IFERROR(SUM(B8:B10)/B13-SUM(B8:B10),0) -> 355666.67 | C14: 명 | D14: 산식: 유료 합계 ÷ 전환율 − 유료 합계 (수식)
A15: AWS 월 비용 (추정 ESTIMATE) | B15: 3000000 | C15: 원/월 | D15: ESTIMATE: 이 규모 기준 총 300만원 가정 – 실제 청구액으로 교체 필요
A16: SmartThings API 월 비용 (미확정 UNKNOWN) | B16: 0 | C16: 원/월 | D16: Samsung commercial pricing not yet confirmed (삼성 상업용 요금 미확정 – 기본 0 placeholder)
A17: 결제/기타 비용 | B17: 0 | C17: 원/월 | D17: PG·정산·기타 비용 (기본 0, 필요 시 입력)
A18: 목표 순이익 (월) | B18: 10000000 | C18: 원/월 | D18: 법인세/소득세 차감 전 영업이익 기준
A20: 전환율 참고 범위: 2% ~ 5% (B13 수정 시 무료 사용자 수 자동 재계산)
A21: 전환율 2%일 때 무료 사용자 | B21: =IFERROR(SUM(B8:B10)/0.02-SUM(B8:B10),0) -> 539000
A22: 전환율 5%일 때 무료 사용자 | B22: =IFERROR(SUM(B8:B10)/0.05-SUM(B8:B10),0) -> 209000

Sheet 손익
A1: 월 손익 계산 (법인세/소득세 차감 전)
A3: 항목 | B3: 기본 수수료 | C3: 시나리오 수수료 | D3: 설명
A4: 적용 스토어 수수료율 | B4: =입력!B11 -> 0.15 | C4: =입력!B12 -> 0.3
A5: 총매출 (VAT 포함) | B5: =입력!$B$4*입력!$B$8+입력!$B$5*입력!$B$9+입력!$B$6*입력!$B$10 -> 20000000 | C5: =입력!$B$4*입력!$B$8+입력!$B$5*입력!$B$9+입력!$B$6*입력!$B$10 -> 20000000 | D5: 가격 × 유료 사용자 수
A6: (-) 부가세 | B6: =B5-B5/(1+입력!$B$7) -> 1818181.8 | C6: =C5-C5/(1+입력!$B$7) -> 1818181.8 | D6: 총매출 − 총매출/(1+VAT)
A7: 공급가액 (VAT 제외 매출) | B7: =B5-B6 -> 18181818 | C7: =C5-C6 -> 18181818
A8: (-) 스토어 수수료 | B8: =B7*B4 -> 2727272.7 | C8: =C7*C4 -> 5454545.5 | D8: 공급가액 × 수수료율
A9: 순매출 (Net Revenue) | B9: =B7-B8 -> 15454545 | C9: =C7-C8 -> 12727273
A10: (-) AWS 비용 (추정) | B10: =입력!$B$15 -> 3000000 | C10: =입력!$B$15 -> 3000000 | D10: ESTIMATE
A11: (-) SmartThings API 비용 (미확정) | B11: =입력!$B$16 -> 0 | C11: =입력!$B$16 -> 0 | D11: UNKNOWN – 삼성 상업용 요금 미확정
A12: (-) 결제/기타 비용 | B12: =입력!$B$17 -> 0 | C12: =입력!$B$17 -> 0
A13: 영업이익 (법인세/소득세 차감 전) | B13: =B9-B10-B11-B12 -> 12454545 | C13: =C9-C10-C11-C12 -> 9727272.7
A14: 목표 순이익 | B14: =입력!$B$18 -> 10000000 | C14: =입력!$B$18 -> 10000000
A15: 목표 대비 차이 | B15: =B13-B14 -> 2454545.5 | C15: =C13-C14 -> -272727.27 | D15: + 초과 / − 부족
A16: 목표 달성 여부 | B16: =IF(B13>=B14,"PASS 달성","FAIL 미달") -> PASS 달성 | C16: =IF(C13>=C14,"PASS 달성","FAIL 미달") -> FAIL 미달
A18: 손익분기 API 예산 (목표 달성 가능한 최대 SmartThings API 월 비용)
A19: 항목 | B19: 기본 수수료 | C19: 시나리오 수수료 | D19: 설명
A20: 최대 허용 API 비용 (원/월) | B20: =B9-B10-B12-B14 -> 2454545.5 | C20: =C9-C10-C12-C14 -> -272727.27 | D20: 순매출 − AWS − 기타 − 목표 (음수면 API 0원에서도 목표 미달)
A21: 판정 | B21: =IF(B20<0,"불가: API 0원이어도 목표 미달",IF(B20=0,"여유 없음","API 예산 여유 있음")) -> API 예산 여유 있음 | C21: =IF(C20<0,"불가: API 0원이어도 목표 미달",IF(C20=0,"여유 없음","API 예산 여유 있음")) -> 불가: API 0원이어도 목표 미달
A22: 현재 입력 API 비용 대비 여유 | B22: =B20-B11 -> 2454545.5 | C22: =C20-C11 -> -272727.27

Sheet 민감도
A1: 민감도 분석 – 월 영업이익 (원)
A2: 파란색 축 값은 수정 가능. 모든 셀은 입력 시트를 참조하는 수식. 초록 = 목표 달성, 빨강 = 미달.
A4: 표 1. 스토어 수수료 × API 월 비용 (사용자 수는 입력 시트 기준)
A5: 수수료율 \ API 비용(원) | B5: 0 | C5: 1000000 | D5: 3000000 | E5: 5000000 | F5: 8000000
A6: =입력!B11 -> 0.15 | B6: =((입력!$B$4*입력!$B$8+입력!$B$5*입력!$B$9+입력!$B$6*입력!$B$10)/(1+입력!$B$7))*(1-$A6)-입력!$B$15-B$5-입력!$B$17 -> 12454545 | C6: =((입력!$B$4*입력!$B$8+입력!$B$5*입력!$B$9+입력!$B$6*입력!$B$10)/(1+입력!$B$7))*(1-$A6)-입력!$B$15-C$5-입력!$B$17 -> 11454545 | D6: =((입력!$B$4*입력!$B$8+입력!$B$5*입력!$B$9+입력!$B$6*입력!$B$10)/(1+입력!$B$7))*(1-$A6)-입력!$B$15-D$5-입력!$B$17 -> 9454545.5 | E6: =((입력!$B$4*입력!$B$8+입력!$B$5*입력!$B$9+입력!$B$6*입력!$B$10)/(1+입력!$B$7))*(1-$A6)-입력!$B$15-E$5-입력!$B$17 -> 7454545.5 | F6: =((입력!$B$4*입력!$B$8+입력!$B$5*입력!$B$9+입력!$B$6*입력!$B$10)/(1+입력!$B$7))*(1-$A6)-입력!$B$15-F$5-입력!$B$17 -> 4454545.5
A7: =입력!B12 -> 0.3 | B7: =((입력!$B$4*입력!$B$8+입력!$B$5*입력!$B$9+입력!$B$6*입력!$B$10)/(1+입력!$B$7))*(1-$A7)-입력!$B$15-B$5-입력!$B$17 -> 9727272.7 | C7: =((입력!$B$4*입력!$B$8+입력!$B$5*입력!$B$9+입력!$B$6*입력!$B$10)/(1+입력!$B$7))*(1-$A7)-입력!$B$15-C$5-입력!$B$17 -> 8727272.7 | D7: =((입력!$B$4*입력!$B$8+입력!$B$5*입력!$B$9+입력!$B$6*입력!$B$10)/(1+입력!$B$7))*(1-$A7)-입력!$B$15-D$5-입력!$B$17 -> 6727272.7 | E7: =((입력!$B$4*입력!$B$8+입력!$B$5*입력!$B$9+입력!$B$6*입력!$B$10)/(1+입력!$B$7))*(1-$A7)-입력!$B$15-E$5-입력!$B$17 -> 4727272.7 | F7: =((입력!$B$4*입력!$B$8+입력!$B$5*입력!$B$9+입력!$B$6*입력!$B$10)/(1+입력!$B$7))*(1-$A7)-입력!$B$15-F$5-입력!$B$17 -> 1727272.7
A9: 표 1 – 목표 달성 여부
A10: =A6 -> 0.15 | B10: =IF(B6>=입력!$B$18,"PASS","FAIL") -> PASS | C10: =IF(C6>=입력!$B$18,"PASS","FAIL") -> PASS | D10: =IF(D6>=입력!$B$18,"PASS","FAIL") -> FAIL | E10: =IF(E6>=입력!$B$18,"PASS","FAIL") -> FAIL | F10: =IF(F6>=입력!$B$18,"PASS","FAIL") -> FAIL
A11: =A7 -> 0.3 | B11: =IF(B7>=입력!$B$18,"PASS","FAIL") -> FAIL | C11: =IF(C7>=입력!$B$18,"PASS","FAIL") -> FAIL | D11: =IF(D7>=입력!$B$18,"PASS","FAIL") -> FAIL | E11: =IF(E7>=입력!$B$18,"PASS","FAIL") -> FAIL | F11: =IF(F7>=입력!$B$18,"PASS","FAIL") -> FAIL
A14: 표 2. Pro × Max 사용자 수 – 기본 수수료율 (API 비용 = 입력값, Mmax 사용자 = 입력값)
A15: Pro 사용자 \ Max 사용자 | B15: 0 | C15: 500 | D15: 1000 | E15: 2000 | F15: 3000
A16: 5000 | B16: =((입력!$B$4*$A16+입력!$B$5*B$15+입력!$B$6*입력!$B$10)/(1+입력!$B$7))*(1-입력!$B$11)-입력!$B$15-입력!$B$16-입력!$B$17 -> 863636.36 | C16: =((입력!$B$4*$A16+입력!$B$5*C$15+입력!$B$6*입력!$B$10)/(1+입력!$B$7))*(1-입력!$B$11)-입력!$B$15-입력!$B$16-입력!$B$17 -> 4727272.7 | D16: =((입력!$B$4*$A16+입력!$B$5*D$15+입력!$B$6*입력!$B$10)/(1+입력!$B$7))*(1-입력!$B$11)-입력!$B$15-입력!$B$16-입력!$B$17 -> 8590909.1 | E16: =((입력!$B$4*$A16+입력!$B$5*E$15+입력!$B$6*입력!$B$10)/(1+입력!$B$7))*(1-입력!$B$11)-입력!$B$15-입력!$B$16-입력!$B$17 -> 16318182 | F16: =((입력!$B$4*$A16+입력!$B$5*F$15+입력!$B$6*입력!$B$10)/(1+입력!$B$7))*(1-입력!$B$11)-입력!$B$15-입력!$B$16-입력!$B$17 -> 24045455
A17: 10000 | B17: =((입력!$B$4*$A17+입력!$B$5*B$15+입력!$B$6*입력!$B$10)/(1+입력!$B$7))*(1-입력!$B$11)-입력!$B$15-입력!$B$16-입력!$B$17 -> 4727272.7 | C17: =((입력!$B$4*$A17+입력!$B$5*C$15+입력!$B$6*입력!$B$10)/(1+입력!$B$7))*(1-입력!$B$11)-입력!$B$15-입력!$B$16-입력!$B$17 -> 8590909.1 | D17: =((입력!$B$4*$A17+입력!$B$5*D$15+입력!$B$6*입력!$B$10)/(1+입력!$B$7))*(1-입력!$B$11)-입력!$B$15-입력!$B$16-입력!$B$17 -> 12454545 | E17: =((입력!$B$4*$A17+입력!$B$5*E$15+입력!$B$6*입력!$B$10)/(1+입력!$B$7))*(1-입력!$B$11)-입력!$B$15-입력!$B$16-입력!$B$17 -> 20181818 | F17: =((입력!$B$4*$A17+입력!$B$5*F$15+입력!$B$6*입력!$B$10)/(1+입력!$B$7))*(1-입력!$B$11)-입력!$B$15-입력!$B$16-입력!$B$17 -> 27909091
A18: 15000 | B18: =((입력!$B$4*$A18+입력!$B$5*B$15+입력!$B$6*입력!$B$10)/(1+입력!$B$7))*(1-입력!$B$11)-입력!$B$15-입력!$B$16-입력!$B$17 -> 8590909.1 | C18: =((입력!$B$4*$A18+입력!$B$5*C$15+입력!$B$6*입력!$B$10)/(1+입력!$B$7))*(1-입력!$B$11)-입력!$B$15-입력!$B$16-입력!$B$17 -> 12454545 | D18: =((입력!$B$4*$A18+입력!$B$5*D$15+입력!$B$6*입력!$B$10)/(1+입력!$B$7))*(1-입력!$B$11)-입력!$B$15-입력!$B$16-입력!$B$17 -> 16318182 | E18: =((입력!$B$4*$A18+입력!$B$5*E$15+입력!$B$6*입력!$B$10)/(1+입력!$B$7))*(1-입력!$B$11)-입력!$B$15-입력!$B$16-입력!$B$17 -> 24045455 | F18: =((입력!$B$4*$A18+입력!$B$5*F$15+입력!$B$6*입력!$B$10)/(1+입력!$B$7))*(1-입력!$B$11)-입력!$B$15-입력!$B$16-입력!$B$17 -> 31772727
A19: 20000 | B19: =((입력!$B$4*$A19+입력!$B$5*B$15+입력!$B$6*입력!$B$10)/(1+입력!$B$7))*(1-입력!$B$11)-입력!$B$15-입력!$B$16-입력!$B$17 -> 12454545 | C19: =((입력!$B$4*$A19+입력!$B$5*C$15+입력!$B$6*입력!$B$10)/(1+입력!$B$7))*(1-입력!$B$11)-입력!$B$15-입력!$B$16-입력!$B$17 -> 16318182 | D19: =((입력!$B$4*$A19+입력!$B$5*D$15+입력!$B$6*입력!$B$10)/(1+입력!$B$7))*(1-입력!$B$11)-입력!$B$15-입력!$B$16-입력!$B$17 -> 20181818 | E19: =((입력!$B$4*$A19+입력!$B$5*E$15+입력!$B$6*입력!$B$10)/(1+입력!$B$7))*(1-입력!$B$11)-입력!$B$15-입력!$B$16-입력!$B$17 -> 27909091 | F19: =((입력!$B$4*$A19+입력!$B$5*F$15+입력!$B$6*입력!$B$10)/(1+입력!$B$7))*(1-입력!$B$11)-입력!$B$15-입력!$B$16-입력!$B$17 -> 35636364
A23: 표 3. Pro × Max 사용자 수 – 시나리오 수수료율 (API 비용 = 입력값, Mmax 사용자 = 입력값)
A24: Pro 사용자 \ Max 사용자 | B24: 0 | C24: 500 | D24: 1000 | E24: 2000 | F24: 3000
A25: 5000 | B25: =((입력!$B$4*$A25+입력!$B$5*B$24+입력!$B$6*입력!$B$10)/(1+입력!$B$7))*(1-입력!$B$12)-입력!$B$15-입력!$B$16-입력!$B$17 -> 181818.18 | C25: =((입력!$B$4*$A25+입력!$B$5*C$24+입력!$B$6*입력!$B$10)/(1+입력!$B$7))*(1-입력!$B$12)-입력!$B$15-입력!$B$16-입력!$B$17 -> 3363636.4 | D25: =((입력!$B$4*$A25+입력!$B$5*D$24+입력!$B$6*입력!$B$10)/(1+입력!$B$7))*(1-입력!$B$12)-입력!$B$15-입력!$B$16-입력!$B$17 -> 6545454.5 | E25: =((입력!$B$4*$A25+입력!$B$5*E$24+입력!$B$6*입력!$B$10)/(1+입력!$B$7))*(1-입력!$B$12)-입력!$B$15-입력!$B$16-입력!$B$17 -> 12909091 | F25: =((입력!$B$4*$A25+입력!$B$5*F$24+입력!$B$6*입력!$B$10)/(1+입력!$B$7))*(1-입력!$B$12)-입력!$B$15-입력!$B$16-입력!$B$17 -> 19272727
A26: 10000 | B26: =((입력!$B$4*$A26+입력!$B$5*B$24+입력!$B$6*입력!$B$10)/(1+입력!$B$7))*(1-입력!$B$12)-입력!$B$15-입력!$B$16-입력!$B$17 -> 3363636.4 | C26: =((입력!$B$4*$A26+입력!$B$5*C$24+입력!$B$6*입력!$B$10)/(1+입력!$B$7))*(1-입력!$B$12)-입력!$B$15-입력!$B$16-입력!$B$17 -> 6545454.5 | D26: =((입력!$B$4*$A26+입력!$B$5*D$24+입력!$B$6*입력!$B$10)/(1+입력!$B$7))*(1-입력!$B$12)-입력!$B$15-입력!$B$16-입력!$B$17 -> 9727272.7 | E26: =((입력!$B$4*$A26+입력!$B$5*E$24+입력!$B$6*입력!$B$10)/(1+입력!$B$7))*(1-입력!$B$12)-입력!$B$15-입력!$B$16-입력!$B$17 -> 16090909 | F26: =((입력!$B$4*$A26+입력!$B$5*F$24+입력!$B$6*입력!$B$10)/(1+입력!$B$7))*(1-입력!$B$12)-입력!$B$15-입력!$B$16-입력!$B$17 -> 22454545
A27: 15000 | B27: =((입력!$B$4*$A27+입력!$B$5*B$24+입력!$B$6*입력!$B$10)/(1+입력!$B$7))*(1-입력!$B$12)-입력!$B$15-입력!$B$16-입력!$B$17 -> 6545454.5 | C27: =((입력!$B$4*$A27+입력!$B$5*C$24+입력!$B$6*입력!$B$10)/(1+입력!$B$7))*(1-입력!$B$12)-입력!$B$15-입력!$B$16-입력!$B$17 -> 9727272.7 | D27: =((입력!$B$4*$A27+입력!$B$5*D$24+입력!$B$6*입력!$B$10)/(1+입력!$B$7))*(1-입력!$B$12)-입력!$B$15-입력!$B$16-입력!$B$17 -> 12909091 | E27: =((입력!$B$4*$A27+입력!$B$5*E$24+입력!$B$6*입력!$B$10)/(1+입력!$B$7))*(1-입력!$B$12)-입력!$B$15-입력!$B$16-입력!$B$17 -> 19272727 | F27: =((입력!$B$4*$A27+입력!$B$5*F$24+입력!$B$6*입력!$B$10)/(1+입력!$B$7))*(1-입력!$B$12)-입력!$B$15-입력!$B$16-입력!$B$17 -> 25636364
A28: 20000 | B28: =((입력!$B$4*$A28+입력!$B$5*B$24+입력!$B$6*입력!$B$10)/(1+입력!$B$7))*(1-입력!$B$12)-입력!$B$15-입력!$B$16-입력!$B$17 -> 9727272.7 | C28: =((입력!$B$4*$A28+입력!$B$5*C$24+입력!$B$6*입력!$B$10)/(1+입력!$B$7))*(1-입력!$B$12)-입력!$B$15-입력!$B$16-입력!$B$17 -> 12909091 | D28: =((입력!$B$4*$A28+입력!$B$5*D$24+입력!$B$6*입력!$B$10)/(1+입력!$B$7))*(1-입력!$B$12)-입력!$B$15-입력!$B$16-입력!$B$17 -> 16090909 | E28: =((입력!$B$4*$A28+입력!$B$5*E$24+입력!$B$6*입력!$B$10)/(1+입력!$B$7))*(1-입력!$B$12)-입력!$B$15-입력!$B$16-입력!$B$17 -> 22454545 | F28: =((입력!$B$4*$A28+입력!$B$5*F$24+입력!$B$6*입력!$B$10)/(1+입력!$B$7))*(1-입력!$B$12)-입력!$B$15-입력!$B$16-입력!$B$17 -> 28818182

Sheet 등급표
A1: 요금 등급표 (초안 DRAFT – 확정 아님)
A3: 등급 | B3: 월 가격 (원, VAT 포함) | C3: 기기 수 | D3: 주요 기능 | E3: 상태
A4: Free | B4: =0 -> 0 | C4: 5대 | D4: 서버리스 (별도 서버 비용 최소화) | E4: 초안
A5: Pro | B5: =입력!B4 -> 1000 | C5: 10대 | D5: 푸시 알림, SmartThings 토큰 자동 갱신 | E5: 초안
A6: Max | B6: =입력!B5 -> 10000 | C6: 30대 | D6: 원격 접속, Roborock 지도/청소, 이력, 가족 공유 | E6: 초안
A7: Mmax | B7: =입력!B6 -> 20000 | C7: 무제한 | D7: 다중 주택, 자동화, 우선 지원 | E7: 초안
A9: ※ 가격은 입력 시트와 연동됨. 기능 구성은 초안이며 변경될 수 있음.

Sheet 가정·주의
A1: 가정 및 주의사항
A3: 1. AWS 비용은 추정치(ESTIMATE)입니다. 기본 월 300만원은 이 규모 기준 가정이며 실제 아키텍처/트래픽에 따라 크게 달라집니다.
A4: 2. SmartThings API 비용은 미확정(UNKNOWN)입니다. 'Samsung commercial pricing not yet confirmed' – 기본값 0은 placeholder이며 실제 요금 확인 후 반드시 수정하세요.
A5: 3. 법인세·소득세 등 세금은 제외했습니다. '영업이익'은 세전(소득세/법인세 차감 전) 기준입니다. 부가세는 매출에서 차감했지만 매입세액 공제 등은 반영하지 않았습니다.
A6: 4. Apple 15% 수수료는 App Store Small Business Program 가입이 필요합니다. 미가입 시 30%이며, 구독은 1년 유지 후 15%로 낮아지는 구조입니다(30%/15% after year 1). 시나리오 30% 열로 확인하세요.
A7: 5. Google Play 한국의 15% 수수료는 2026-12-31까지 적용되는 것으로 가정했습니다. 이후 정책은 확인이 필요합니다.
A8: 6. Pro 1,000원 등급은 마진이 얇습니다. VAT(약 9.1%)와 스토어 수수료(15~30%) 차감 후 사용자당 순수익이 약 640~770원 수준이며, 인프라·API 비용 증가에 취약합니다.
A9: 7. 스토어 수수료는 VAT 제외 공급가액 기준으로 계산했습니다(스토어별 실제 정산 방식은 확인 필요).
A10: 8. 무료 사용자 수는 전환율로부터 역산한 값이며 현재 비용(AWS 등)에 자동 반영되지 않습니다. 무료 사용자 증가에 따른 서버 비용은 AWS 추정치에 포함되어 있다고 가정했습니다.
A11: 9. 등급표는 초안(DRAFT)이며 확정된 상품 구성이 아닙니다.
